cameraid,good
3020,3020
3023,3023
3024,3024
3036,3036
3037,3037
3038,3038
3039,3039
3042,3042
3043,3043
3047,3047
3049,3049
3051,3051
3054,3054
3055,3055
3056,3056
3059,3059
3061,3061
3062,3062
3064,3064
3065,3065
3067,3067
3068,3068
3069,3069
3071,3071
3073,3073
3074,3074
3076,3076
3081,3081
3085,3085
3087,3087
3088,3088
3089,3089
3090,3090
3091,3091
3092,3092
3098,3098
3099,3099
3100,3100
3103,3103
3104,3104
3106,3106
3109,3109
3111,3111
3113,3113
3114,3114
3115,3115
3117,3117
3118,3118
3120,3120
3123,3123
3126,3126
3128,3128
3129,3129
3130,3130
3133,3133
3134,3134
3136,3136
3137,3137
3138,3138
3139,3139
3140,3140
3147,3147
3148,3148
3149,3149
3151,3151
3152,3152
3155,3155
3156,3156
3158,3158
3159,3159
3160,3160
3181,3181
3215,3215
3233,3233
3236,3236
3237,3237
3251,3251
3255,3255
3308,3308
3317,3317
3319,3319
3326,3326
3329,3329
3332,3332
3334,3334
3342,3342
3347,3347
3353,3353
3367,3367
3418,3418
3432,3432
3435,3435
3436,3436
3440,3440
3481,3481
3488,3488
3581,3581
3595,3595
3602,3602
3606,3606
3608,3608
3612,3612
3617,3617
3619,3619
3621,3621
3624,3624
3625,3625
3627,3627
3641,3641
3643,3643
3645,3645
3647,3647
3657,3657
3660,3660
3663,3663
3667,3667
3673,3673
3679,3679
3681,3681
3683,3683
3684,3684
3685,3685
3687,3687
3690,3690
3691,3691
3751,3751
3767,3767
3781,3781
3786,3786
3861,3861
3862,3862
3868,3868
3875,3875
3878,3878
3885,3885
3894,3894
3901,3901
3903,3903
3920,3920
3921,3921
3925,3925
3927,3927
3931,3931
3936,3936
3937,3937
3944,3944
3945,3945
3950,3950
3951,3951
3953,3953
3957,3957
3958,3958
3959,3959
3960,3960
3961,3961
3962,3962
3965,3965
3966,3966
3968,3968
3972,3972
3973,3973
3974,3974
3975,3975
3976,3976
3977,3977
3979,3979
3980,3980
3989,3989
4017,4017
4037,4037
4038,4038
4040,4040
4041,4041
4042,4042
4043,4043
4044,4044
4046,4046
4048,4048
4051,4051
4052,4052
4054,4054
4058,4058
4059,4059
4060,4060
4061,4061
4062,4062
4063,4063
4067,4067
4068,4068
4071,4071
4074,4074
4078,4078
4079,4079
4080,4080
4081,4081
4083,4083
4085,4085
4086,4086
4087,4087
4090,4090
4092,4092
4094,4094
4095,4095
4097,4097
4098,4098
4099,4099
4100,4100
4102,4102
4103,4103
4104,4104
4105,4105
4106,4106
4107,4107
4108,4108
4111,4111
4112,4112
4113,4113
4117,4117
4118,4118
4120,4120
4121,4121
4122,4122
4123,4123
4125,4125
4126,4126
4127,4127
4128,4128
4130,4130
4133,4133
4135,4135
4143,4143
4152,4152
4154,4154
4197,4197
4199,4199
4219,4219
4221,4221
4222,4222
4237,4237
4241,4241
4255,4255
4256,4256
4258,4258
4264,4264
4267,4267
4270,4270
4271,4271
4273,4273
4279,4279
4282,4282
4283,4283
4284,4284
4285,4285
4286,4286
4289,4289
4292,4292
4295,4295
4303,4303
4307,4307
4308,4308
4309,4309
4310,4310
4312,4312
4314,4314
4317,4317
4318,4318
4319,4319
4320,4320
4321,4321
4324,4324
4325,4325
4326,4326
4327,4327
4328,4328
4329,4329
4334,4334
4335,4335
4336,4336
4338,4338
4339,4339
4340,4340
4341,4341
4342,4342
4343,4343
4344,4344
4346,4346
4348,4348
4350,4350
4438,4438
4449,4449
4527,4527
4531,4531
4535,4535
4536,4536
4538,4538
4539,4539
4540,4540
4544,4544
4552,4552
4564,4564
4565,4565
4566,4566
4568,4568
4569,4569
4570,4570
4571,4571
4572,4572
4573,4573
4574,4574
4577,4577
4580,4580
4584,4584
4586,4586
4587,4587
4588,4588
4590,4590
4594,4594
4595,4595
4600,4600
4601,4601
4602,4602
4603,4603
4604,4604
4608,4608
4609,4609
4610,4610
4612,4612
4613,4613
4614,4614
4615,4615
4616,4616
4617,4617
4618,4618
4619,4619
4622,4622
4623,4623
4624,4624
4625,4625
4626,4626
4627,4627
4628,4628
4629,4629
4630,4630
4631,4631
4632,4632
4634,4634
4635,4635
4637,4637
4638,4638
4639,4639
4640,4640
4641,4641
4642,4642
4643,4643
4644,4644
4645,4645
4646,4646
4647,4647
4648,4648
4650,4650
4651,4651
4652,4652
4653,4653
4654,4654
4655,4655
4656,4656
4657,4657
4679,4679
4680,4680
4684,4684
4687,4687
4692,4692
4693,4693
4694,4694
4695,4695
4702,4702
4705,4705
4710,4710
4713,4713
4714,4714
4715,4715
4723,4723
4724,4724
4725,4725
4729,4729
4732,4732
4733,4733
4735,4735
4739,4739
4740,4740
4741,4741
4746,4746
4747,4747
4755,4755
4767,4767
4768,4768
4770,4770
4773,4773
4774,4774
4776,4776
4778,4778
4780,4780
4786,4786
4791,4791
4792,4792
4793,4793
4794,4794
4796,4796
4797,4797
4798,4798
4799,4799
4800,4800
4801,4801
4802,4802
4803,4803
4809,4809
4812,4812
4918,4918
4929,4929
4932,4932
4935,4935
4939,4939
4940,4940
4955,4955
5002,5002
5038,5038
5108,5108
5139,5139
5191,5191
5209,5209
5210,5210
5211,5211
5222,5222
5225,5225
5234,5234
5236,5236
5241,5241
5243,5243
5248,5248
5330,5330
5342,5342
5380,5380
5381,5381
5382,5382
5388,5388
5396,5396
5400,5400
5401,5401
5408,5408
5412,5412
5413,5413
5416,5416
5417,5417
5516,5516
5521,5521
5566,5566
5590,5590
5601,5601
5613,5613
5614,5614
5616,5616
5617,5617
5618,5618
5619,5619
5620,5620
5625,5625
5635,5635
5641,5641
5646,5646
5647,5647
5648,5648
5652,5652
5660,5660
5662,5662
5663,5663
5665,5665
5667,5667
5669,5669
5678,5678
5680,5680
5692,5692
5695,5695
5696,5696
5697,5697
5700,5700
5701,5701
5702,5702
5713,5713
5714,5714
5715,5715
5716,5716
5717,5717
5721,5721
5722,5722
5724,5724
5745,5745
5746,5746
5748,5748
5749,5749
5758,5758
5760,5760
5764,5764
5767,5767
5774,5774
5778,5778
5779,5779
5780,5780
5782,5782
5787,5787
5789,5789
5791,5791
5793,5793
5796,5796
5798,5798
5800,5800
5801,5801
5802,5802
5804,5804
5805,5805
5808,5808
5809,5809
5811,5811
5814,5814
5819,5819
5820,5820
5822,5822
5823,5823
5827,5827
5831,5831
5832,5832
5833,5833
5835,5835
5839,5839
5841,5841
5843,5843
5844,5844
5846,5846
5855,5855
5864,5864
5871,5871
5882,5882
5883,5883
5886,5886
5888,5888
5889,5889
5890,5890
5891,5891
5892,5892
5895,5895
5896,5896
5897,5897
5899,5899
5906,5906
5948,5948
5977,5977
5981,5981
5982,5982
5983,5983
5984,5984
6041,6041
6043,6043
6089,6089
6144,6144
6150,6150
6162,6162
6163,6163
6165,6165
6166,6166
6167,6167
6168,6168
6169,6169
6170,6170
6171,6171
6172,6172
6173,6173
6174,6174
6175,6175
6176,6176
6177,6177
6179,6179
6180,6180
6182,6182
6183,6183
6192,6192
6200,6200
6201,6201
6202,6202
6211,6211
6213,6213
6267,6267
6306,6306
6313,6313
6338,6338
6357,6357
6368,6368
6373,6373
6374,6374
6380,6380
6385,6385
6386,6386
6394,6394
6399,6399
6400,6400
6401,6401
6405,6405
6409,6409
6411,6411
6413,6413
6415,6415
6417,6417
6418,6418
6424,6424
6432,6432
6434,6434
6435,6435
6461,6461
6462,6462
6466,6466
6469,6469
6485,6485
6488,6488
6497,6497
6503,6503
6505,6505
6507,6507
6509,6509
6510,6510
6511,6511
6513,6513
6520,6520
6525,6525
6527,6527
6536,6536
6537,6537
6539,6539
6552,6552
6553,6553
6564,6564
6571,6571
6572,6572
6581,6581
6585,6585
6591,6591
6599,6599
6603,6603
6605,6605
6607,6607
6608,6608
6621,6621
6631,6631
6632,6632
6636,6636
6651,6651
6661,6661
6683,6683
6689,6689
6694,6694
6701,6701
6707,6707
6709,6709
6710,6710
6711,6711
6712,6712
6713,6713
6714,6714
6716,6716
6721,6721
6722,6722
6723,6723
6724,6724
6725,6725
6726,6726
6731,6731
6735,6735
6736,6736
6738,6738
6739,6739
6740,6740
6741,6741
6743,6743
6745,6745
6747,6747
6748,6748
6752,6752
6753,6753
6755,6755
6759,6759
6760,6760
6766,6766
6768,6768
6770,6770
6771,6771
6775,6775
6776,6776
6779,6779
6780,6780
6781,6781
6786,6786
6787,6787
6789,6789
6790,6790
6791,6791
6794,6794
6798,6798
6799,6799
6805,6805
6809,6809
6812,6812
6817,6817
6823,6823
6832,6832
6836,6836
6838,6838
6842,6842
6843,6843
6844,6844
6847,6847
6849,6849
6850,6850
6857,6857
6858,6858
6860,6860
6863,6863
6865,6865
6867,6867
6870,6870
6871,6871
6873,6873
6874,6874
6877,6877
6878,6878
6879,6879
6881,6881
6885,6885
6888,6888
6892,6892
6893,6893
6894,6894
6897,6897
6903,6903
6905,6905
6906,6906
6910,6910
6911,6911
6914,6914
6918,6918
6919,6919
6922,6922
6923,6923
6925,6925
6926,6926
6930,6930
6936,6936
6970,6970
7008,7008
7042,7042
7044,7044
7045,7045
7047,7047
7049,7049
7051,7051
7052,7052
7055,7055
7057,7057
7059,7059
7060,7060
7065,7065
7068,7068
7069,7069
7071,7071
7095,7095
7099,7099
7100,7100
7112,7112
7120,7120
7132,7132
7139,7139
7144,7144
7147,7147
7152,7152
7153,7153
7155,7155
7156,7156
7157,7157
7165,7165
7166,7166
7183,7183
7186,7186
7188,7188
7191,7191
7192,7192
7193,7193
7194,7194
7196,7196
7197,7197
7198,7198
7199,7199
7200,7200
7201,7201
7203,7203
7205,7205
7208,7208
7209,7209
7306,7306
7307,7307
7349,7349
7458,7458
7459,7459
7460,7460
7462,7462
7494,7494
7496,7496
7497,7497
7500,7500
7506,7506
7622,7622
7633,7633
7662,7662
7667,7667
7673,7673
7702,7702
7707,7707
7708,7708
7709,7709
7714,7714
7715,7715
7716,7716
7718,7718
7719,7719
7720,7720
7721,7721
7722,7722
7723,7723
7724,7724
7725,7725
7726,7726
7727,7727
7728,7728
7730,7730
7732,7732
7733,7733
7734,7734
7736,7736
7737,7737
7738,7738
7739,7739
7740,7740
7741,7741
7742,7742
7744,7744
7745,7745
7748,7748
7750,7750
7753,7753
7755,7755
7758,7758
7761,7761
7762,7762
7763,7763
7764,7764
7765,7765
7766,7766
7767,7767
7768,7768
7771,7771
7772,7772
7776,7776
7777,7777
7780,7780
7781,7781
7784,7784
7787,7787
7788,7788
7789,7789
7790,7790
7791,7791
7792,7792
7793,7793
7796,7796
7798,7798
7799,7799
7800,7800
7805,7805
7806,7806
7807,7807
7808,7808
7810,7810
7811,7811
7813,7813
7814,7814
7816,7816
7820,7820
7821,7821
7822,7822
7826,7826
7828,7828
7830,7830
7831,7831
7832,7832
7834,7834
7835,7835
7836,7836
7843,7843
7844,7844
7845,7845
7847,7847
7848,7848
7849,7849
7851,7851
7853,7853
7856,7856
7857,7857
7858,7858
7860,7860
7862,7862
2459,2459
2460,2460
2450,2450
2451,2451
2452,2452
2455,2455
2456,2456
2462,2462
2463,2463
2464,2464
2465,2465
2466,2466
2538,2538
2541,2541
2542,2542
2544,2544
2548,2548
2552,2552
2553,2553
2554,2554
2555,2555
2473,2473
2474,2474
2475,2475
2476,2476
2477,2477
2478,2478
2482,2482
2483,2483
2485,2485
2486,2486
2488,2488
2489,2489
2491,2491
2493,2493
2496,2496
2498,2498
2499,2499
2501,2501
2502,2502
2503,2503
2504,2504
2505,2505
2506,2506
2508,2508
2509,2509
2511,2511
2512,2512
2514,2514
2516,2516
2520,2520
2523,2523
2526,2526
2528,2528
2529,2529
2531,2531
2532,2532
2534,2534
2559,2559
2564,2564
2565,2565
2566,2566
2568,2568
2,2
5,5
10,10
11,11
15,15
17,17
18,18
19,19
26,26
27,27
29,29
32,32
33,33
34,34
36,36
37,37
39,39
41,41
42,42
43,43
44,44
46,46
52,52
53,53
55,55
58,58
61,61
62,62
64,64
69,69
70,70
73,73
74,74
76,76
77,77
78,78
79,79
86,86
87,87
88,88
89,89
93,93
98,98
103,103
104,104
105,105
107,107
110,110
111,111
112,112
113,113
114,114
149,149
179,179
206,206
210,210
227,227
234,234
240,240
296,296
310,310
338,338
340,340
342,342
344,344
346,346
349,349
350,350
351,351
360,360
440,440
463,463
478,478
482,482
503,503
505,505
509,509
519,519
580,580
647,647
648,648
649,649
652,652
658,658
663,663
666,666
668,668
673,673
675,675
678,678
683,683
684,684
689,689
695,695
696,696
697,697
700,700
701,701
702,702
704,704
705,705
706,706
708,708
711,711
750,750
753,753
757,757
758,758
761,761
762,762
763,763
764,764
767,767
768,768
769,769
770,770
771,771
772,772
773,773
774,774
775,775
776,776
777,777
778,778
779,779
782,782
784,784
787,787
788,788
789,789
791,791
792,792
795,795
797,797
798,798
800,800
801,801
806,806
807,807
809,809
811,811
813,813
814,814
815,815
817,817
820,820
821,821
823,823
824,824
826,826
828,828
829,829
830,830
831,831
832,832
834,834
835,835
837,837
839,839
840,840
841,841
842,842
843,843
844,844
845,845
867,867
873,873
881,881
882,882
920,920
933,933
939,939
950,950
1010,1010
1012,1012
1018,1018
1035,1035
1096,1096
1098,1098
1100,1100
1101,1101
1102,1102
1105,1105
1106,1106
1108,1108
1109,1109
1110,1110
1111,1111
1112,1112
1114,1114
1115,1115
1116,1116
1117,1117
1119,1119
1120,1120
1122,1122
1124,1124
1126,1126
1129,1129
1130,1130
1131,1131
1132,1132
1133,1133
1134,1134
1135,1135
1136,1136
1137,1137
1138,1138
1139,1139
1140,1140
1141,1141
1142,1142
1143,1143
1144,1144
1145,1145
1148,1148
1149,1149
1153,1153
1154,1154
1155,1155
1156,1156
1158,1158
1160,1160
1163,1163
1164,1164
1165,1165
1166,1166
1167,1167
1168,1168
1169,1169
1171,1171
1175,1175
1177,1177
1178,1178
1179,1179
1180,1180
1181,1181
1183,1183
1185,1185
1187,1187
1188,1188
1189,1189
1191,1191
1192,1192
1196,1196
1197,1197
1198,1198
1199,1199
1201,1201
1202,1202
1203,1203
1204,1204
1205,1205
1206,1206
1207,1207
1208,1208
1212,1212
1214,1214
1215,1215
1217,1217
1221,1221
1222,1222
1223,1223
1224,1224
1226,1226
1227,1227
1228,1228
1229,1229
1230,1230
1231,1231
1233,1233
1234,1234
1235,1235
1236,1236
1237,1237
1238,1238
1239,1239
1240,1240
1241,1241
1242,1242
1244,1244
1246,1246
1247,1247
1249,1249
1250,1250
1251,1251
1253,1253
1255,1255
1256,1256
1257,1257
1258,1258
1259,1259
1264,1264
1266,1266
1267,1267
1271,1271
1273,1273
1274,1274
1275,1275
1276,1276
1278,1278
1279,1279
1280,1280
1281,1281
1284,1284
1285,1285
1287,1287
1288,1288
1289,1289
1290,1290
1291,1291
1292,1292
1294,1294
1296,1296
1297,1297
1300,1300
1301,1301
1302,1302
1303,1303
1304,1304
1306,1306
1307,1307
1308,1308
1309,1309
1311,1311
1312,1312
1313,1313
1314,1314
1315,1315
1316,1316
1318,1318
1319,1319
1320,1320
1322,1322
1323,1323
1324,1324
1325,1325
1327,1327
1328,1328
1329,1329
1330,1330
1332,1332
1334,1334
1336,1336
1337,1337
1338,1338
1340,1340
1345,1345
1346,1346
1347,1347
1350,1350
1352,1352
1353,1353
1354,1354
1355,1355
1356,1356
1357,1357
1360,1360
1361,1361
1369,1369
1374,1374
1468,1468
1470,1470
1508,1508
1512,1512
1513,1513
1514,1514
1515,1515
1517,1517
1526,1526
1527,1527
1533,1533
1543,1543
1676,1676
1691,1691
1795,1795
1802,1802
1840,1840
1886,1886
1896,1896
1905,1905
1908,1908
1934,1934
1939,1939
1945,1945
1972,1972
2051,2051
2052,2052
2113,2113
2123,2123
2124,2124
2125,2125
2126,2126
2127,2127
2130,2130
2131,2131
2132,2132
2133,2133
2136,2136
2137,2137
2138,2138
2139,2139
2140,2140
2141,2141
2143,2143
2146,2146
2158,2158
2168,2168
2245,2245
2345,2345
2375,2375
2389,2389
2393,2393
2394,2394
2395,2395
2396,2396
2397,2397
2398,2398
2399,2399
2401,2401
2403,2403
2404,2404
2405,2405
2406,2406
2408,2408
2409,2409
2412,2412
2413,2413
2414,2414
2467,2467
2470,2470
2472,2472
2576,2576
2582,2582
2587,2587
2588,2588
2590,2590
2593,2593
2599,2599
2600,2600
2602,2602
2603,2603
2604,2604
2605,2605
2606,2606
2608,2608
2615,2615
2617,2617
2618,2618
2623,2623
2624,2624
2631,2631
2633,2633
2637,2637
2641,2641
2642,2642
2643,2643
2644,2644
2645,2645
2646,2646
2653,2653
2657,2657
2660,2660
2663,2663
2664,2664
2665,2665
2675,2675
2677,2677
2678,2678
2679,2679
2681,2681
2682,2682
2684,2684
2692,2692
2693,2693
2696,2696
2698,2698
2700,2700
2701,2701
2702,2702
2704,2704
2707,2707
2712,2712
2713,2713
2714,2714
2715,2715
2717,2717
2718,2718
2722,2722
2724,2724
2725,2725
2726,2726
2727,2727
2729,2729
2731,2731
2733,2733
2735,2735
2738,2738
2739,2739
2741,2741
2742,2742
2743,2743
2744,2744
2745,2745
2746,2746
2748,2748
2749,2749
2750,2750
2751,2751
2753,2753
2754,2754
2755,2755
2756,2756
2757,2757
2758,2758
2760,2760
2762,2762
2763,2763
2764,2764
2766,2766
2767,2767
2768,2768
2769,2769
2771,2771
2773,2773
2774,2774
2775,2775
2776,2776
2777,2777
2778,2778
2779,2779
2780,2780
2781,2781
2782,2782
2790,2790
2795,2795
2799,2799
2800,2800
2815,2815
2825,2825
2828,2828
2830,2830
2832,2832
2833,2833
2834,2834
2838,2838
2841,2841
2844,2844
2848,2848
2849,2849
2850,2850
2852,2852
2854,2854
2856,2856
2858,2858
2861,2861
2870,2870
2882,2882
2897,2897
2899,2899
2900,2900
2901,2901
2903,2903
2904,2904
2908,2908
2909,2909
2915,2915
2921,2921
2922,2922
2924,2924
2928,2928
2934,2934
2935,2935
2946,2946
2949,2949
2950,2950
2951,2951
2952,2952
2953,2953
2954,2954
2964,2964
2967,2967
2972,2972
2973,2973
2974,2974
2975,2975
2976,2976
2977,2977
2979,2979
2980,2980
2983,2983
2984,2984
2986,2986
2987,2987
2989,2989
2995,2995
2997,2997
2998,2998
2999,2999
3002,3002
3003,3003
3004,3004
3007,3007
3008,3008
3011,3011
3012,3012
3015,3015
3019,3019
3020,3020
3021,3021
3024,3024
3025,3025
3026,3026
3034,3034
3036,3036
3037,3037
3038,3038
3039,3039
3040,3040
3041,3041
3042,3042
3043,3043
3044,3044
3045,3045
3047,3047
3048,3048
3049,3049
3050,3050
3051,3051
3052,3052
3053,3053
3055,3055
3057,3057
3060,3060
3061,3061
3062,3062
3063,3063
3064,3064
3065,3065
3068,3068
3069,3069
3070,3070
3071,3071
3072,3072
3074,3074
3075,3075
3076,3076
3077,3077
3078,3078
3079,3079
3080,3080
3081,3081
3082,3082
3083,3083
3084,3084
3089,3089
3090,3090
3092,3092
3093,3093
3096,3096
3097,3097
3098,3098
3099,3099
3100,3100
3101,3101
3102,3102
3103,3103
3105,3105
3106,3106
3107,3107
3108,3108
3109,3109
3110,3110
3111,3111
3112,3112
3115,3115
3116,3116
3117,3117
3118,3118
3121,3121
3122,3122
3124,3124
3125,3125
3126,3126
3127,3127
3128,3128
3130,3130
3131,3131
3132,3132
3133,3133
3134,3134
3140,3140
3141,3141
3142,3142
3144,3144
3145,3145
3146,3146
3148,3148
3149,3149
3160,3160
3161,3161
3223,3223
3326,3326
3368,3368
3376,3376
3377,3377
3381,3381
3400,3400
3418,3418
3420,3420
3430,3430
3431,3431
3435,3435
3447,3447
3462,3462
3468,3468
3470,3470
3475,3475
3477,3477
3480,3480
3499,3499
3518,3518
3528,3528
3531,3531
3536,3536
3549,3549
3599,3599
3600,3600
3604,3604
3606,3606
3608,3608
3610,3610
3612,3612
3617,3617
3621,3621
3627,3627
3629,3629
3635,3635
3639,3639
3641,3641
3642,3642
3644,3644
3645,3645
3647,3647
3648,3648
3650,3650
3659,3659
3661,3661
3663,3663
3664,3664
3667,3667
3669,3669
3679,3679
3680,3680
3682,3682
3684,3684
3685,3685
3692,3692
3694,3694
3695,3695
3696,3696
3699,3699
3700,3700
3702,3702
3703,3703
3727,3727
3729,3729
3733,3733
3734,3734
3752,3752
3764,3764
3768,3768
3773,3773
3775,3775
3780,3780
3782,3782
3788,3788
3789,3789
3793,3793
3795,3795
3830,3830
3846,3846
3848,3848
3850,3850
3853,3853
3855,3855
3863,3863
3866,3866
3868,3868
3869,3869
3872,3872
3874,3874
3876,3876
3880,3880
3881,3881
3882,3882
3883,3883
3884,3884
3885,3885
3887,3887
3889,3889
3895,3895
3899,3899
3902,3902
3908,3908
3910,3910
3911,3911
3918,3918
3922,3922
3925,3925
3926,3926
3927,3927
3934,3934
3935,3935
3936,3936
3938,3938
3939,3939
3940,3940
3941,3941
3942,3942
3944,3944
3945,3945
3946,3946
3947,3947
3949,3949
3950,3950
3951,3951
3952,3952
3955,3955
3956,3956
3957,3957
3958,3958
3960,3960
3963,3963
3964,3964
3965,3965
3966,3966
3967,3967
3968,3968
3969,3969
3970,3970
3971,3971
3972,3972
3973,3973
3974,3974
3978,3978
3981,3981
3982,3982
3989,3989
3991,3991
3992,3992
3995,3995
4012,4012
4013,4013
4035,4035
4036,4036
4038,4038
4040,4040
4041,4041
4042,4042
4050,4050
4052,4052
4053,4053
4054,4054
4055,4055
4056,4056
4057,4057
4058,4058
4059,4059
4060,4060
4061,4061
4063,4063
4064,4064
4065,4065
4066,4066
4067,4067
4068,4068
4069,4069
4073,4073
4074,4074
4075,4075
4076,4076
4078,4078
4080,4080
4084,4084
4085,4085
4086,4086
4087,4087
4088,4088
4089,4089
4090,4090
4091,4091
4092,4092
4093,4093
4094,4094
4096,4096
4097,4097
4098,4098
4099,4099
4100,4100
4101,4101
4102,4102
4103,4103
4104,4104
4105,4105
4106,4106
4107,4107
4108,4108
4111,4111
4113,4113
4114,4114
4133,4133
4256,4256
4257,4257
4258,4258
4259,4259
4260,4260
4261,4261
4262,4262
4263,4263
4264,4264
4265,4265
4266,4266
4267,4267
4268,4268
4269,4269
4270,4270
4271,4271
4272,4272
4273,4273
4279,4279
4280,4280
4281,4281
4282,4282
4283,4283
4286,4286
4288,4288
4289,4289
4291,4291
4292,4292
4293,4293
4294,4294
4295,4295
4296,4296
4297,4297
4298,4298
4302,4302
4304,4304
4305,4305
4306,4306
4308,4308
4309,4309
4311,4311
4316,4316
4317,4317
4318,4318
4319,4319
4320,4320
4323,4323
4327,4327
4328,4328
4329,4329
4330,4330
4331,4331
4337,4337
4339,4339
4340,4340
4343,4343
4344,4344
4345,4345
4346,4346
4347,4347
4348,4348
4349,4349
4527,4527
4530,4530
4531,4531
4532,4532
4533,4533
4535,4535
4536,4536
4540,4540
4566,4566
4573,4573
4587,4587
4590,4590
4593,4593
4594,4594
4597,4597
4598,4598
4602,4602
4604,4604
4608,4608
4609,4609
4611,4611
4612,4612
4657,4657
4728,4728
4729,4729
4737,4737
4753,4753
4763,4763
4766,4766
4772,4772
4775,4775
4778,4778
4781,4781
4784,4784
4785,4785
4786,4786
4787,4787
4788,4788
4789,4789
4791,4791
4792,4792
4793,4793
4794,4794
4795,4795
4796,4796
4797,4797
4799,4799
4800,4800
4801,4801
4802,4802
4803,4803
4806,4806
4807,4807
4808,4808
4810,4810
4918,4918
4927,4927
4929,4929
4930,4930
4932,4932
4933,4933
4934,4934
4935,4935
4936,4936
4937,4937
4938,4938
4939,4939
4940,4940
4942,4942
4944,4944
4946,4946
4949,4949
4956,4956
4957,4957
4959,4959
4960,4960
4961,4961
5017,5017
5023,5023
5078,5078
5079,5079
5098,5098
5131,5131
5139,5139
5140,5140
5147,5147
5179,5179
5184,5184
5187,5187
5208,5208
5209,5209
5211,5211
5215,5215
5216,5216
5222,5222
5229,5229
5231,5231
5238,5238
5239,5239
5240,5240
5242,5242
5243,5243
5244,5244
5246,5246
5247,5247
5248,5248
5250,5250
5254,5254
5255,5255
5274,5274
5285,5285
5300,5300
5306,5306
5323,5323
5380,5380
5381,5381
5382,5382
5383,5383
5385,5385
5386,5386
5387,5387
5389,5389
5391,5391
5392,5392
5393,5393
5394,5394
5396,5396
5397,5397
5398,5398
5399,5399
5401,5401
5402,5402
5403,5403
5404,5404
5405,5405
5406,5406
5407,5407
5408,5408
5409,5409
5410,5410
5411,5411
5412,5412
5414,5414
5415,5415
5416,5416
5418,5418
5442,5442
5443,5443
5444,5444
5445,5445
5447,5447
5449,5449
5452,5452
5454,5454
5455,5455
5456,5456
5458,5458
5460,5460
5461,5461
5475,5475
5479,5479
5542,5542
5545,5545
5546,5546
5547,5547
5549,5549
5550,5550
5556,5556
5566,5566
5567,5567
5568,5568
5612,5612
5613,5613
5614,5614
5656,5656
5665,5665
5668,5668
5669,5669
5672,5672
5673,5673
5675,5675
5676,5676
5677,5677
5678,5678
5679,5679
5681,5681
5682,5682
5684,5684
5685,5685
5686,5686
5689,5689
5690,5690
5691,5691
5692,5692
5693,5693
5696,5696
5699,5699
5701,5701
5705,5705
5710,5710
5713,5713
5714,5714
5718,5718
5721,5721
5722,5722
5723,5723
5724,5724
5725,5725
5726,5726
5727,5727
5733,5733
5747,5747
5748,5748
5749,5749
5751,5751
5753,5753
5756,5756
5757,5757
5758,5758
5759,5759
5761,5761
5762,5762
5764,5764
5767,5767
5768,5768
5770,5770
5771,5771
5772,5772
5774,5774
5775,5775
5776,5776
5778,5778
5779,5779
5780,5780
5783,5783
5784,5784
5788,5788
5790,5790
5791,5791
5792,5792
5794,5794
5796,5796
5800,5800
5802,5802
5803,5803
5804,5804
5805,5805
5807,5807
5808,5808
5809,5809
5814,5814
5816,5816
5817,5817
5819,5819
5821,5821
5823,5823
5824,5824
5828,5828
5829,5829
5830,5830
5831,5831
5832,5832
5834,5834
5840,5840
5855,5855
5869,5869
5883,5883
5885,5885
5886,5886
5888,5888
5890,5890
5893,5893
5895,5895
5896,5896
5897,5897
5898,5898
5899,5899
5901,5901
5912,5912
5916,5916
5966,5966
5974,5974
5975,5975
5979,5979
5982,5982
5984,5984
5986,5986
5987,5987
5988,5988
6006,6006
6045,6045
6123,6123
6144,6144
6147,6147
6163,6163
6164,6164
6165,6165
6166,6166
6168,6168
6169,6169
6170,6170
6171,6171
6173,6173
6174,6174
6175,6175
6176,6176
6178,6178
6179,6179
6264,6264
6278,6278
6311,6311
6368,6368
6369,6369
6371,6371
6372,6372
6373,6373
6374,6374
6375,6375
6376,6376
6377,6377
6378,6378
6380,6380
6381,6381
6382,6382
6383,6383
6384,6384
6385,6385
6386,6386
6387,6387
6388,6388
6393,6393
6394,6394
6395,6395
6396,6396
6397,6397
6398,6398
6399,6399
6400,6400
6401,6401
6402,6402
6403,6403
6404,6404
6405,6405
6406,6406
6407,6407
6408,6408
6409,6409
6410,6410
6411,6411
6412,6412
6413,6413
6414,6414
6415,6415
6416,6416
6417,6417
6418,6418
6419,6419
6420,6420
6421,6421
6422,6422
6423,6423
6424,6424
6425,6425
6426,6426
6427,6427
6428,6428
6429,6429
6430,6430
6431,6431
6432,6432
6433,6433
6438,6438
6439,6439
6440,6440
6441,6441
6442,6442
6443,6443
6444,6444
6445,6445
6446,6446
6447,6447
6448,6448
6449,6449
6450,6450
6451,6451
6452,6452
6453,6453
6454,6454
6455,6455
6456,6456
6457,6457
6458,6458
6459,6459
6460,6460
6461,6461
6462,6462
6463,6463
6464,6464
6465,6465
6466,6466
6467,6467
6468,6468
6469,6469
6470,6470
6471,6471
6472,6472
6473,6473
6474,6474
6475,6475
6476,6476
6477,6477
6478,6478
6479,6479
6484,6484
6485,6485
6486,6486
6487,6487
6490,6490
6491,6491
6492,6492
6493,6493
6494,6494
6495,6495
6501,6501
6502,6502
6503,6503
6504,6504
6505,6505
6506,6506
6507,6507
6508,6508
6509,6509
6510,6510
6511,6511
6514,6514
6515,6515
6516,6516
6517,6517
6518,6518
6519,6519
6520,6520
6521,6521
6522,6522
6523,6523
6524,6524
6525,6525
6526,6526
6548,6548
6549,6549
6550,6550
6551,6551
6552,6552
6553,6553
6554,6554
6555,6555
6556,6556
6557,6557
6558,6558
6559,6559
6560,6560
6561,6561
6562,6562
6563,6563
6570,6570
6571,6571
6572,6572
6573,6573
6574,6574
6575,6575
6576,6576
6577,6577
6578,6578
6579,6579
6580,6580
6581,6581
6582,6582
6583,6583
6584,6584
6585,6585
6586,6586
6587,6587
6588,6588
6598,6598
6599,6599
6600,6600
6601,6601
6609,6609
6610,6610
6612,6612
6613,6613
6614,6614
6615,6615
6616,6616
6617,6617
6618,6618
6619,6619
6621,6621
6622,6622
6623,6623
6624,6624
6626,6626
6627,6627
6629,6629
6630,6630
6636,6636
6640,6640
6642,6642
6643,6643
6645,6645
6646,6646
6657,6657
6659,6659
6661,6661
6663,6663
6664,6664
6667,6667
6671,6671
6672,6672
6679,6679
6682,6682
6683,6683
6684,6684
6687,6687
6688,6688
6689,6689
6690,6690
6691,6691
6692,6692
6693,6693
6694,6694
6695,6695
6697,6697
6698,6698
6699,6699
6700,6700
6701,6701
6702,6702
6703,6703
6706,6706
6707,6707
6709,6709
6710,6710
6712,6712
6713,6713
6714,6714
6716,6716
6720,6720
6728,6728
6732,6732
6733,6733
6735,6735
6736,6736
6738,6738
6739,6739
6741,6741
6744,6744
6747,6747
6749,6749
6753,6753
6755,6755
6757,6757
6759,6759
6761,6761
6765,6765
6769,6769
6773,6773
6776,6776
6780,6780
6784,6784
6786,6786
6789,6789
6792,6792
6795,6795
6797,6797
6801,6801
6803,6803
6806,6806
6810,6810
6812,6812
6814,6814
6816,6816
6818,6818
6819,6819
6821,6821
6825,6825
6829,6829
6832,6832
6834,6834
6838,6838
6840,6840
6844,6844
6846,6846
6850,6850
6852,6852
6854,6854
6859,6859
6861,6861
6862,6862
6863,6863
6864,6864
6866,6866
6867,6867
6870,6870
6871,6871
6875,6875
6877,6877
6881,6881
6882,6882
6884,6884
6885,6885
6886,6886
6887,6887
6889,6889
6890,6890
6891,6891
6893,6893
6895,6895
6896,6896
6897,6897
6899,6899
6900,6900
6902,6902
6904,6904
6905,6905
6908,6908
6909,6909
6910,6910
6911,6911
6912,6912
6914,6914
6916,6916
6918,6918
6920,6920
6921,6921
6922,6922
6929,6929
6932,6932
6952,6952
6964,6964
6982,6982
7009,7009
7014,7014
7043,7043
7048,7048
7051,7051
7053,7053
7055,7055
7056,7056
7058,7058
7062,7062
7064,7064
7065,7065
7066,7066
7069,7069
7071,7071
7072,7072
7074,7074
7094,7094
7097,7097
7098,7098
7100,7100
7110,7110
7112,7112
7125,7125
7186,7186
7210,7210
7228,7228
7258,7258
7265,7265
7335,7335
7372,7372
7458,7458
7459,7459
7460,7460
7496,7496
7497,7497
7502,7502
7503,7503
7504,7504
7505,7505
7507,7507
7508,7508
7509,7509
7515,7515
7528,7528
7553,7553
7559,7559
7561,7561
7562,7562
7606,7606
7709,7709
7711,7711
7712,7712
7713,7713
7715,7715
7716,7716
7722,7722
7723,7723
7737,7737
7740,7740
7741,7741
7743,7743
7744,7744
7745,7745
7746,7746
7747,7747
7748,7748
7750,7750
7752,7752
7754,7754
7755,7755
7756,7756
7757,7757
7759,7759
7760,7760
7761,7761
7762,7762
7763,7763
7764,7764
7765,7765
7768,7768
7769,7769
7770,7770
7771,7771
7772,7772
7775,7775
7778,7778
7783,7783
7785,7785
7786,7786
7787,7787
7788,7788
7791,7791
7795,7795
7796,7796
7797,7797
7798,7798
7799,7799
7811,7811
7812,7812
7813,7813
7815,7815
7818,7818
7819,7819
7824,7824
7826,7826
7827,7827
7830,7830
7831,7831
7832,7832
7833,7833
7834,7834
7835,7835
7838,7838
7841,7841
7842,7842
7843,7843
7845,7845
7846,7846
7847,7847
7848,7848
7849,7849
7850,7850
7851,7851
7852,7852
7854,7854
7855,7855
7856,7856
7862,7862
2457,2457
2456,2456
535,535
2537,2537
2539,2539
2541,2541
2543,2543
2545,2545
2547,2547
2550,2550
2552,2552
2555,2555
2481,2481
2482,2482
2487,2487
2496,2496
2513,2513
2514,2514
2515,2515
2518,2518
2529,2529
2530,2530
2531,2531
2533,2533
2534,2534
2557,2557
2559,2559
2561,2561
2563,2563
2565,2565
2567,2567
2569,2569
4,4
5,5
8,8
11,11
13,13
15,15
16,16
17,17
18,18
20,20
21,21
22,22
23,23
24,24
25,25
30,30
31,31
33,33
34,34
37,37
38,38
39,39
41,41
42,42
46,46
51,51
52,52
53,53
54,54
55,55
57,57
58,58
60,60
64,64
65,65
66,66
68,68
69,69
71,71
74,74
77,77
79,79
80,80
82,82
83,83
86,86
88,88
90,90
92,92
93,93
94,94
95,95
96,96
97,97
98,98
99,99
102,102
104,104
105,105
107,107
108,108
126,126
156,156
160,160
161,161
166,166
167,167
168,168
169,169
185,185
209,209
335,335
336,336
337,337
338,338
340,340
341,341
342,342
343,343
345,345
346,346
350,350
358,358
360,360
395,395
451,451
513,513
666,666
685,685
689,689
703,703
704,704
706,706
707,707
748,748
750,750
753,753
756,756
757,757
759,759
762,762
766,766
767,767
772,772
780,780
781,781
782,782
784,784
798,798
810,810
812,812
814,814
823,823
824,824
826,826
829,829
831,831
832,832
834,834
835,835
836,836
837,837
838,838
839,839
841,841
898,898
920,920
937,937
993,993
994,994
995,995
996,996
999,999
1025,1025
1047,1047
1096,1096
1098,1098
1099,1099
1102,1102
1105,1105
1125,1125
1133,1133
1141,1141
1148,1148
1157,1157
1158,1158
1160,1160
1166,1166
1167,1167
1177,1177
1178,1178
1202,1202
1218,1218
1226,1226
1234,1234
1249,1249
1250,1250
1251,1251
1255,1255
1266,1266
1304,1304
1314,1314
1325,1325
1329,1329
1333,1333
1334,1334
1337,1337
1371,1371
1514,1514
1518,1518
1521,1521
1524,1524
1527,1527
1529,1529
1561,1561
1566,1566
1569,1569
1570,1570
2050,2050
2123,2123
2131,2131
2132,2132
2138,2138
2369,2369
2395,2395
2396,2396
2397,2397
2398,2398
2400,2400
2401,2401
2405,2405
2411,2411
2468,2468
2571,2571
2574,2574
2575,2575
2578,2578
2582,2582
2584,2584
2586,2586
2588,2588
2589,2589
2591,2591
2593,2593
2595,2595
2597,2597
2599,2599
2601,2601
2605,2605
2608,2608
2610,2610
2613,2613
2615,2615
2618,2618
2621,2621
2623,2623
2626,2626
2628,2628
2631,2631
2634,2634
2637,2637
2639,2639
2646,2646
2648,2648
2652,2652
2654,2654
2659,2659
2661,2661
2662,2662
2664,2664
2666,2666
2667,2667
2669,2669
2671,2671
2673,2673
2675,2675
2677,2677
2682,2682
2684,2684
2686,2686
2688,2688
2690,2690
2693,2693
2696,2696
2700,2700
2702,2702
2705,2705
2707,2707
2709,2709
2715,2715
2718,2718
2720,2720
2722,2722
2724,2724
2726,2726
2728,2728
2731,2731
2734,2734
2736,2736
2738,2738
2741,2741
2743,2743
2745,2745
2747,2747
2749,2749
2751,2751
2753,2753
2755,2755
2758,2758
2760,2760
2762,2762
2766,2766
2768,2768
2770,2770
2772,2772
2774,2774
2776,2776
2778,2778
2780,2780
2782,2782
2798,2798
2807,2807
2827,2827
2845,2845
2846,2846
2859,2859
2913,2913
2926,2926
2931,2931
2957,2957
3011,3011
3012,3012
